{"cameraMode":{"drawMode":0,"name":"Shaded","section":"Shading Mode"},"sceneLighting":true,"audioPlay":false,"sceneViewState":{"m_AlwaysRefresh":false,"showFog":true,"showSkybox":true,"showFlares":true,"showImageEffects":true,"showParticleSystems":true,"showVisualEffectGraphs":true,"m_FxEnabled":true},"in2DMode":false,"pivot":{"x":223.40667724609376,"y":170.1572723388672,"z":358.19989013671877},"rotation":{"x":0.007499353494495153,"y":-0.018628055229783059,"z":0.00013418009621091187,"w":0.9998253583908081},"size":502.77630615234377,"orthographic":false}