{"cameraMode":{"drawMode":0,"name":"Shaded","section":"Shading Mode"},"sceneLighting":true,"audioPlay":false,"sceneViewState":{"m_AlwaysRefresh":false,"showFog":true,"showSkybox":true,"showFlares":true,"showImageEffects":true,"showParticleSystems":true,"showVisualEffectGraphs":true,"m_FxEnabled":true},"in2DMode":false,"pivot":{"x":-24.15848731994629,"y":-1.0916571617126465,"z":32.11000442504883},"rotation":{"x":0.043508198112249377,"y":-0.2540547251701355,"z":0.01143723912537098,"w":0.9661697745323181},"size":21.101213455200197,"orthographic":false}